,iron,diamond,gold
mean,0.0275528024326,0.004143039119,0.00571581196581
stdev,0.0170038641071,0.00624149550538,0.00928746041208
